image_path,actual_label,predicted_label,actual_label_translated,predicted_label_translated,correct
new_data\data_20\4011\4011-1000.png,4011,images,Bananer Bama,Unknown Product,False
new_data\data_20\4011\4011-1016.png,4011,images,Bananer Bama,Unknown Product,False
new_data\data_20\4011\4011-1021.png,4011,images,Bananer Bama,Unknown Product,False
new_data\data_20\4011\4011-1055.png,4011,images,Bananer Bama,Unknown Product,False
new_data\data_20\4011\4011-1078.png,4011,images,Bananer Bama,Unknown Product,False
new_data\data_20\4011\4011-1116.png,4011,images,Bananer Bama,Unknown Product,False
new_data\data_20\4011\4011-1198.png,4011,images,Bananer Bama,Unknown Product,False
new_data\data_20\4011\4011-1233.png,4011,images,Bananer Bama,Unknown Product,False
new_data\data_20\4011\4011-1339.png,4011,images,Bananer Bama,Unknown Product,False
new_data\data_20\4011\4011-1340.png,4011,images,Bananer Bama,Unknown Product,False
new_data\data_20\4011\4011-1364.png,4011,images,Bananer Bama,Unknown Product,False
new_data\data_20\4011\4011-1368.png,4011,images,Bananer Bama,Unknown Product,False
new_data\data_20\4011\4011-159.png,4011,images,Bananer Bama,Unknown Product,False
new_data\data_20\4011\4011-173.png,4011,images,Bananer Bama,Unknown Product,False
new_data\data_20\4011\4011-284.png,4011,images,Bananer Bama,Unknown Product,False
new_data\data_20\4011\4011-511.png,4011,images,Bananer Bama,Unknown Product,False
new_data\data_20\4011\4011-563.png,4011,images,Bananer Bama,Unknown Product,False
new_data\data_20\4011\4011-631.png,4011,images,Bananer Bama,Unknown Product,False
new_data\data_20\4011\4011-673.png,4011,images,Bananer Bama,Unknown Product,False
new_data\data_20\4011\4011-675.png,4011,images,Bananer Bama,Unknown Product,False
new_data\data_20\4011\4011-677.png,4011,images,Bananer Bama,Unknown Product,False
new_data\data_20\4011\4011-810.png,4011,images,Bananer Bama,Unknown Product,False
new_data\data_20\4011\4011-839.png,4011,images,Bananer Bama,Unknown Product,False
new_data\data_20\4015\4015-1028.png,4015,images,Epler Røde,Unknown Product,False
new_data\data_20\4015\4015-1029.png,4015,images,Epler Røde,Unknown Product,False
new_data\data_20\4015\4015-1089.png,4015,images,Epler Røde,Unknown Product,False
new_data\data_20\4015\4015-1143.png,4015,images,Epler Røde,Unknown Product,False
new_data\data_20\4015\4015-1320.png,4015,images,Epler Røde,Unknown Product,False
new_data\data_20\4015\4015-1321.png,4015,images,Epler Røde,Unknown Product,False
new_data\data_20\4015\4015-1362.png,4015,images,Epler Røde,Unknown Product,False
new_data\data_20\4015\4015-1382.png,4015,images,Epler Røde,Unknown Product,False
new_data\data_20\4015\4015-1477.png,4015,images,Epler Røde,Unknown Product,False
new_data\data_20\4015\4015-1503.png,4015,images,Epler Røde,Unknown Product,False
new_data\data_20\4015\4015-1506.png,4015,images,Epler Røde,Unknown Product,False
new_data\data_20\4015\4015-1525.png,4015,images,Epler Røde,Unknown Product,False
new_data\data_20\4015\4015-1633.png,4015,images,Epler Røde,Unknown Product,False
new_data\data_20\4015\4015-1635.png,4015,images,Epler Røde,Unknown Product,False
new_data\data_20\4015\4015-1653.png,4015,images,Epler Røde,Unknown Product,False
new_data\data_20\4015\4015-1654.png,4015,images,Epler Røde,Unknown Product,False
new_data\data_20\4015\4015-1688.png,4015,images,Epler Røde,Unknown Product,False
new_data\data_20\4015\4015-1739.png,4015,images,Epler Røde,Unknown Product,False
new_data\data_20\4015\4015-1749.png,4015,images,Epler Røde,Unknown Product,False
new_data\data_20\4015\4015-180.png,4015,images,Epler Røde,Unknown Product,False
new_data\data_20\4015\4015-1809.png,4015,images,Epler Røde,Unknown Product,False
new_data\data_20\4015\4015-1856.png,4015,images,Epler Røde,Unknown Product,False
new_data\data_20\4015\4015-213.png,4015,images,Epler Røde,Unknown Product,False
new_data\data_20\4015\4015-232.png,4015,images,Epler Røde,Unknown Product,False
new_data\data_20\4015\4015-277.png,4015,images,Epler Røde,Unknown Product,False
new_data\data_20\4015\4015-287.png,4015,images,Epler Røde,Unknown Product,False
new_data\data_20\4015\4015-288.png,4015,images,Epler Røde,Unknown Product,False
new_data\data_20\4015\4015-300.png,4015,images,Epler Røde,Unknown Product,False
new_data\data_20\4015\4015-322.png,4015,images,Epler Røde,Unknown Product,False
new_data\data_20\4015\4015-326.png,4015,images,Epler Røde,Unknown Product,False
new_data\data_20\4015\4015-379.png,4015,images,Epler Røde,Unknown Product,False
new_data\data_20\4015\4015-381.png,4015,images,Epler Røde,Unknown Product,False
new_data\data_20\4015\4015-4.png,4015,images,Epler Røde,Unknown Product,False
new_data\data_20\4015\4015-49.png,4015,images,Epler Røde,Unknown Product,False
new_data\data_20\4015\4015-507.png,4015,images,Epler Røde,Unknown Product,False
new_data\data_20\4015\4015-56.png,4015,images,Epler Røde,Unknown Product,False
new_data\data_20\4015\4015-568.png,4015,images,Epler Røde,Unknown Product,False
new_data\data_20\4015\4015-616.png,4015,images,Epler Røde,Unknown Product,False
new_data\data_20\4015\4015-617.png,4015,images,Epler Røde,Unknown Product,False
new_data\data_20\4015\4015-621.png,4015,images,Epler Røde,Unknown Product,False
new_data\data_20\4015\4015-658.png,4015,images,Epler Røde,Unknown Product,False
new_data\data_20\4015\4015-662.png,4015,images,Epler Røde,Unknown Product,False
new_data\data_20\4015\4015-67.png,4015,images,Epler Røde,Unknown Product,False
new_data\data_20\4015\4015-755.png,4015,images,Epler Røde,Unknown Product,False
new_data\data_20\4015\4015-88.png,4015,images,Epler Røde,Unknown Product,False
new_data\data_20\4015\4015-934.png,4015,images,Epler Røde,Unknown Product,False
new_data\data_20\4015\4015-945.png,4015,images,Epler Røde,Unknown Product,False
new_data\data_20\4015\4015-973.png,4015,images,Epler Røde,Unknown Product,False
new_data\data_20\4088\4088-1104.png,4088,images,Paprika Rød,Unknown Product,False
new_data\data_20\4088\4088-1160.png,4088,images,Paprika Rød,Unknown Product,False
new_data\data_20\4088\4088-121.png,4088,images,Paprika Rød,Unknown Product,False
new_data\data_20\4088\4088-1256.png,4088,images,Paprika Rød,Unknown Product,False
new_data\data_20\4088\4088-1297.png,4088,images,Paprika Rød,Unknown Product,False
new_data\data_20\4088\4088-1298.png,4088,images,Paprika Rød,Unknown Product,False
new_data\data_20\4088\4088-1299.png,4088,images,Paprika Rød,Unknown Product,False
new_data\data_20\4088\4088-1300.png,4088,images,Paprika Rød,Unknown Product,False
new_data\data_20\4088\4088-1409.png,4088,images,Paprika Rød,Unknown Product,False
new_data\data_20\4088\4088-1424.png,4088,images,Paprika Rød,Unknown Product,False
new_data\data_20\4088\4088-16.png,4088,images,Paprika Rød,Unknown Product,False
new_data\data_20\4088\4088-209.png,4088,images,Paprika Rød,Unknown Product,False
new_data\data_20\4088\4088-214.png,4088,images,Paprika Rød,Unknown Product,False
new_data\data_20\4088\4088-218.png,4088,images,Paprika Rød,Unknown Product,False
new_data\data_20\4088\4088-251.png,4088,images,Paprika Rød,Unknown Product,False
new_data\data_20\4088\4088-253.png,4088,images,Paprika Rød,Unknown Product,False
new_data\data_20\4088\4088-266.png,4088,images,Paprika Rød,Unknown Product,False
new_data\data_20\4088\4088-269.png,4088,images,Paprika Rød,Unknown Product,False
new_data\data_20\4088\4088-271.png,4088,images,Paprika Rød,Unknown Product,False
new_data\data_20\4088\4088-32.png,4088,images,Paprika Rød,Unknown Product,False
new_data\data_20\4088\4088-380.png,4088,images,Paprika Rød,Unknown Product,False
new_data\data_20\4088\4088-381.png,4088,images,Paprika Rød,Unknown Product,False
new_data\data_20\4088\4088-392.png,4088,images,Paprika Rød,Unknown Product,False
new_data\data_20\4088\4088-426.png,4088,images,Paprika Rød,Unknown Product,False
new_data\data_20\4088\4088-634.png,4088,images,Paprika Rød,Unknown Product,False
new_data\data_20\4088\4088-67.png,4088,images,Paprika Rød,Unknown Product,False
new_data\data_20\4088\4088-7.png,4088,images,Paprika Rød,Unknown Product,False
new_data\data_20\4088\4088-757.png,4088,images,Paprika Rød,Unknown Product,False
new_data\data_20\4088\4088-771.png,4088,images,Paprika Rød,Unknown Product,False
new_data\data_20\4088\4088-78.png,4088,images,Paprika Rød,Unknown Product,False
new_data\data_20\4088\4088-842.png,4088,images,Paprika Rød,Unknown Product,False
new_data\data_20\4088\4088-877.png,4088,images,Paprika Rød,Unknown Product,False
new_data\data_20\4088\4088-882.png,4088,images,Paprika Rød,Unknown Product,False
new_data\data_20\4088\4088-883.png,4088,images,Paprika Rød,Unknown Product,False
new_data\data_20\4088\4088-911.png,4088,images,Paprika Rød,Unknown Product,False
new_data\data_20\4196\4196-1150.png,4196,images,Appelsin,Unknown Product,False
new_data\data_20\4196\4196-1152.png,4196,images,Appelsin,Unknown Product,False
new_data\data_20\4196\4196-1153.png,4196,images,Appelsin,Unknown Product,False
new_data\data_20\4196\4196-1156.png,4196,images,Appelsin,Unknown Product,False
new_data\data_20\4196\4196-1166.png,4196,images,Appelsin,Unknown Product,False
new_data\data_20\4196\4196-1190.png,4196,images,Appelsin,Unknown Product,False
new_data\data_20\4196\4196-1221.png,4196,images,Appelsin,Unknown Product,False
new_data\data_20\4196\4196-1309.png,4196,images,Appelsin,Unknown Product,False
new_data\data_20\4196\4196-1310.png,4196,images,Appelsin,Unknown Product,False
new_data\data_20\4196\4196-1364.png,4196,images,Appelsin,Unknown Product,False
new_data\data_20\4196\4196-1388.png,4196,images,Appelsin,Unknown Product,False
new_data\data_20\4196\4196-1389.png,4196,images,Appelsin,Unknown Product,False
new_data\data_20\4196\4196-1394.png,4196,images,Appelsin,Unknown Product,False
new_data\data_20\4196\4196-1395.png,4196,images,Appelsin,Unknown Product,False
new_data\data_20\4196\4196-14.png,4196,images,Appelsin,Unknown Product,False
new_data\data_20\4196\4196-1417.png,4196,images,Appelsin,Unknown Product,False
new_data\data_20\4196\4196-1448.png,4196,images,Appelsin,Unknown Product,False
new_data\data_20\4196\4196-1488.png,4196,images,Appelsin,Unknown Product,False
new_data\data_20\4196\4196-1592.png,4196,images,Appelsin,Unknown Product,False
new_data\data_20\4196\4196-1721.png,4196,images,Appelsin,Unknown Product,False
new_data\data_20\4196\4196-176.png,4196,images,Appelsin,Unknown Product,False
new_data\data_20\4196\4196-179.png,4196,images,Appelsin,Unknown Product,False
new_data\data_20\4196\4196-184.png,4196,images,Appelsin,Unknown Product,False
new_data\data_20\4196\4196-192.png,4196,images,Appelsin,Unknown Product,False
new_data\data_20\4196\4196-228.png,4196,images,Appelsin,Unknown Product,False
new_data\data_20\4196\4196-261.png,4196,images,Appelsin,Unknown Product,False
new_data\data_20\4196\4196-299.png,4196,images,Appelsin,Unknown Product,False
new_data\data_20\4196\4196-319.png,4196,images,Appelsin,Unknown Product,False
new_data\data_20\4196\4196-332.png,4196,images,Appelsin,Unknown Product,False
new_data\data_20\4196\4196-380.png,4196,images,Appelsin,Unknown Product,False
new_data\data_20\4196\4196-506.png,4196,images,Appelsin,Unknown Product,False
new_data\data_20\4196\4196-56.png,4196,images,Appelsin,Unknown Product,False
new_data\data_20\4196\4196-6.png,4196,images,Appelsin,Unknown Product,False
new_data\data_20\4196\4196-603.png,4196,images,Appelsin,Unknown Product,False
new_data\data_20\4196\4196-604.png,4196,images,Appelsin,Unknown Product,False
new_data\data_20\4196\4196-606.png,4196,images,Appelsin,Unknown Product,False
new_data\data_20\4196\4196-607.png,4196,images,Appelsin,Unknown Product,False
new_data\data_20\4196\4196-649.png,4196,images,Appelsin,Unknown Product,False
new_data\data_20\4196\4196-672.png,4196,images,Appelsin,Unknown Product,False
new_data\data_20\4196\4196-759.png,4196,images,Appelsin,Unknown Product,False
new_data\data_20\4196\4196-760.png,4196,images,Appelsin,Unknown Product,False
new_data\data_20\4196\4196-763.png,4196,images,Appelsin,Unknown Product,False
new_data\data_20\4196\4196-768.png,4196,images,Appelsin,Unknown Product,False
new_data\data_20\4196\4196-852.png,4196,images,Appelsin,Unknown Product,False
new_data\data_20\4196\4196-854.png,4196,images,Appelsin,Unknown Product,False
new_data\data_20\4196\4196-940.png,4196,images,Appelsin,Unknown Product,False
new_data\data_20\4196\4196-996.png,4196,images,Appelsin,Unknown Product,False
new_data\data_20\7020097009819\7020097009819-115.png,7020097009819,images,Karbonadedeig 5% u/Salt og Vann 400g Meny,Unknown Product,False
new_data\data_20\7020097009819\7020097009819-117.png,7020097009819,images,Karbonadedeig 5% u/Salt og Vann 400g Meny,Unknown Product,False
new_data\data_20\7020097009819\7020097009819-120.png,7020097009819,images,Karbonadedeig 5% u/Salt og Vann 400g Meny,Unknown Product,False
new_data\data_20\7020097009819\7020097009819-156.png,7020097009819,images,Karbonadedeig 5% u/Salt og Vann 400g Meny,Unknown Product,False
new_data\data_20\7020097009819\7020097009819-167.png,7020097009819,images,Karbonadedeig 5% u/Salt og Vann 400g Meny,Unknown Product,False
new_data\data_20\7020097009819\7020097009819-171.png,7020097009819,images,Karbonadedeig 5% u/Salt og Vann 400g Meny,Unknown Product,False
new_data\data_20\7020097009819\7020097009819-172.png,7020097009819,images,Karbonadedeig 5% u/Salt og Vann 400g Meny,Unknown Product,False
new_data\data_20\7020097009819\7020097009819-176.png,7020097009819,images,Karbonadedeig 5% u/Salt og Vann 400g Meny,Unknown Product,False
new_data\data_20\7020097009819\7020097009819-177.png,7020097009819,images,Karbonadedeig 5% u/Salt og Vann 400g Meny,Unknown Product,False
new_data\data_20\7020097009819\7020097009819-193.png,7020097009819,images,Karbonadedeig 5% u/Salt og Vann 400g Meny,Unknown Product,False
new_data\data_20\7020097009819\7020097009819-211.png,7020097009819,images,Karbonadedeig 5% u/Salt og Vann 400g Meny,Unknown Product,False
new_data\data_20\7020097009819\7020097009819-229.png,7020097009819,images,Karbonadedeig 5% u/Salt og Vann 400g Meny,Unknown Product,False
new_data\data_20\7020097009819\7020097009819-256.png,7020097009819,images,Karbonadedeig 5% u/Salt og Vann 400g Meny,Unknown Product,False
new_data\data_20\7020097009819\7020097009819-32.png,7020097009819,images,Karbonadedeig 5% u/Salt og Vann 400g Meny,Unknown Product,False
new_data\data_20\7020097009819\7020097009819-323.png,7020097009819,images,Karbonadedeig 5% u/Salt og Vann 400g Meny,Unknown Product,False
new_data\data_20\7020097009819\7020097009819-324.png,7020097009819,images,Karbonadedeig 5% u/Salt og Vann 400g Meny,Unknown Product,False
new_data\data_20\7020097009819\7020097009819-326.png,7020097009819,images,Karbonadedeig 5% u/Salt og Vann 400g Meny,Unknown Product,False
new_data\data_20\7020097009819\7020097009819-333.png,7020097009819,images,Karbonadedeig 5% u/Salt og Vann 400g Meny,Unknown Product,False
new_data\data_20\7020097009819\7020097009819-348.png,7020097009819,images,Karbonadedeig 5% u/Salt og Vann 400g Meny,Unknown Product,False
new_data\data_20\7020097009819\7020097009819-349.png,7020097009819,images,Karbonadedeig 5% u/Salt og Vann 400g Meny,Unknown Product,False
new_data\data_20\7020097009819\7020097009819-353.png,7020097009819,images,Karbonadedeig 5% u/Salt og Vann 400g Meny,Unknown Product,False
new_data\data_20\7020097009819\7020097009819-366.png,7020097009819,images,Karbonadedeig 5% u/Salt og Vann 400g Meny,Unknown Product,False
new_data\data_20\7020097009819\7020097009819-392.png,7020097009819,images,Karbonadedeig 5% u/Salt og Vann 400g Meny,Unknown Product,False
new_data\data_20\7020097009819\7020097009819-4.png,7020097009819,images,Karbonadedeig 5% u/Salt og Vann 400g Meny,Unknown Product,False
new_data\data_20\7020097009819\7020097009819-411.png,7020097009819,images,Karbonadedeig 5% u/Salt og Vann 400g Meny,Unknown Product,False
new_data\data_20\7020097009819\7020097009819-414.png,7020097009819,images,Karbonadedeig 5% u/Salt og Vann 400g Meny,Unknown Product,False
new_data\data_20\7020097009819\7020097009819-43.png,7020097009819,images,Karbonadedeig 5% u/Salt og Vann 400g Meny,Unknown Product,False
new_data\data_20\7020097009819\7020097009819-445.png,7020097009819,images,Karbonadedeig 5% u/Salt og Vann 400g Meny,Unknown Product,False
new_data\data_20\7020097009819\7020097009819-480.png,7020097009819,images,Karbonadedeig 5% u/Salt og Vann 400g Meny,Unknown Product,False
new_data\data_20\7020097009819\7020097009819-500.png,7020097009819,images,Karbonadedeig 5% u/Salt og Vann 400g Meny,Unknown Product,False
new_data\data_20\7020097009819\7020097009819-57.png,7020097009819,images,Karbonadedeig 5% u/Salt og Vann 400g Meny,Unknown Product,False
new_data\data_20\7020097009819\7020097009819-76.png,7020097009819,images,Karbonadedeig 5% u/Salt og Vann 400g Meny,Unknown Product,False
new_data\data_20\7020097009819\7020097009819-84.png,7020097009819,images,Karbonadedeig 5% u/Salt og Vann 400g Meny,Unknown Product,False
new_data\data_20\7020097009819\7020097009819-96.png,7020097009819,images,Karbonadedeig 5% u/Salt og Vann 400g Meny,Unknown Product,False
new_data\data_20\7020097009819\7020097009819-97.png,7020097009819,images,Karbonadedeig 5% u/Salt og Vann 400g Meny,Unknown Product,False
new_data\data_20\7020097009819\7020097009819-98.png,7020097009819,images,Karbonadedeig 5% u/Salt og Vann 400g Meny,Unknown Product,False
new_data\data_20\7020097026113\7020097026113-10.png,7020097026113,images,Kjøttdeig Angus 14% 400g Meny,Unknown Product,False
new_data\data_20\7020097026113\7020097026113-141.png,7020097026113,images,Kjøttdeig Angus 14% 400g Meny,Unknown Product,False
new_data\data_20\7020097026113\7020097026113-20.png,7020097026113,images,Kjøttdeig Angus 14% 400g Meny,Unknown Product,False
new_data\data_20\7020097026113\7020097026113-21.png,7020097026113,images,Kjøttdeig Angus 14% 400g Meny,Unknown Product,False
new_data\data_20\7020097026113\7020097026113-23.png,7020097026113,images,Kjøttdeig Angus 14% 400g Meny,Unknown Product,False
new_data\data_20\7020097026113\7020097026113-41.png,7020097026113,images,Kjøttdeig Angus 14% 400g Meny,Unknown Product,False
new_data\data_20\7020097026113\7020097026113-51.png,7020097026113,images,Kjøttdeig Angus 14% 400g Meny,Unknown Product,False
new_data\data_20\7020097026113\7020097026113-53.png,7020097026113,images,Kjøttdeig Angus 14% 400g Meny,Unknown Product,False
new_data\data_20\7020097026113\7020097026113-58.png,7020097026113,images,Kjøttdeig Angus 14% 400g Meny,Unknown Product,False
new_data\data_20\7020097026113\7020097026113-60.png,7020097026113,images,Kjøttdeig Angus 14% 400g Meny,Unknown Product,False
new_data\data_20\7020097026113\7020097026113-88.png,7020097026113,images,Kjøttdeig Angus 14% 400g Meny,Unknown Product,False
new_data\data_20\7020097026113\7020097026113-9.png,7020097026113,images,Kjøttdeig Angus 14% 400g Meny,Unknown Product,False
new_data\data_20\7023026089401\7023026089401-107.png,7023026089401,images,Ruccula 65g Grønn&Frisk,Unknown Product,False
new_data\data_20\7023026089401\7023026089401-108.png,7023026089401,images,Ruccula 65g Grønn&Frisk,Unknown Product,False
new_data\data_20\7023026089401\7023026089401-133.png,7023026089401,images,Ruccula 65g Grønn&Frisk,Unknown Product,False
new_data\data_20\7023026089401\7023026089401-140.png,7023026089401,images,Ruccula 65g Grønn&Frisk,Unknown Product,False
new_data\data_20\7023026089401\7023026089401-151.png,7023026089401,images,Ruccula 65g Grønn&Frisk,Unknown Product,False
new_data\data_20\7023026089401\7023026089401-165.png,7023026089401,images,Ruccula 65g Grønn&Frisk,Unknown Product,False
new_data\data_20\7023026089401\7023026089401-167.png,7023026089401,images,Ruccula 65g Grønn&Frisk,Unknown Product,False
new_data\data_20\7023026089401\7023026089401-17.png,7023026089401,images,Ruccula 65g Grønn&Frisk,Unknown Product,False
new_data\data_20\7023026089401\7023026089401-223.png,7023026089401,images,Ruccula 65g Grønn&Frisk,Unknown Product,False
new_data\data_20\7023026089401\7023026089401-244.png,7023026089401,images,Ruccula 65g Grønn&Frisk,Unknown Product,False
new_data\data_20\7023026089401\7023026089401-245.png,7023026089401,images,Ruccula 65g Grønn&Frisk,Unknown Product,False
new_data\data_20\7023026089401\7023026089401-253.png,7023026089401,images,Ruccula 65g Grønn&Frisk,Unknown Product,False
new_data\data_20\7023026089401\7023026089401-26.png,7023026089401,images,Ruccula 65g Grønn&Frisk,Unknown Product,False
new_data\data_20\7023026089401\7023026089401-276.png,7023026089401,images,Ruccula 65g Grønn&Frisk,Unknown Product,False
new_data\data_20\7023026089401\7023026089401-29.png,7023026089401,images,Ruccula 65g Grønn&Frisk,Unknown Product,False
new_data\data_20\7023026089401\7023026089401-4.png,7023026089401,images,Ruccula 65g Grønn&Frisk,Unknown Product,False
new_data\data_20\7023026089401\7023026089401-63.png,7023026089401,images,Ruccula 65g Grønn&Frisk,Unknown Product,False
new_data\data_20\7023026089401\7023026089401-76.png,7023026089401,images,Ruccula 65g Grønn&Frisk,Unknown Product,False
new_data\data_20\7023026089401\7023026089401-77.png,7023026089401,images,Ruccula 65g Grønn&Frisk,Unknown Product,False
new_data\data_20\7035620058776\7035620058776-11.png,7035620058776,images,Rundstykker Grove Fullkorn m/Frø Rustikk 6stk 420g,Unknown Product,False
new_data\data_20\7035620058776\7035620058776-14.png,7035620058776,images,Rundstykker Grove Fullkorn m/Frø Rustikk 6stk 420g,Unknown Product,False
new_data\data_20\7035620058776\7035620058776-16.png,7035620058776,images,Rundstykker Grove Fullkorn m/Frø Rustikk 6stk 420g,Unknown Product,False
new_data\data_20\7035620058776\7035620058776-5.png,7035620058776,images,Rundstykker Grove Fullkorn m/Frø Rustikk 6stk 420g,Unknown Product,False
new_data\data_20\7035620058776\7035620058776-55.png,7035620058776,images,Rundstykker Grove Fullkorn m/Frø Rustikk 6stk 420g,Unknown Product,False
new_data\data_20\7037203626563\7037203626563-11.png,7037203626563,images,Leverpostei Ovnsbakt Orginal 190g Gilde,Unknown Product,False
new_data\data_20\7037203626563\7037203626563-24.png,7037203626563,images,Leverpostei Ovnsbakt Orginal 190g Gilde,Unknown Product,False
new_data\data_20\7037203626563\7037203626563-29.png,7037203626563,images,Leverpostei Ovnsbakt Orginal 190g Gilde,Unknown Product,False
new_data\data_20\7037203626563\7037203626563-30.png,7037203626563,images,Leverpostei Ovnsbakt Orginal 190g Gilde,Unknown Product,False
new_data\data_20\7037203626563\7037203626563-35.png,7037203626563,images,Leverpostei Ovnsbakt Orginal 190g Gilde,Unknown Product,False
new_data\data_20\7037203626563\7037203626563-52.png,7037203626563,images,Leverpostei Ovnsbakt Orginal 190g Gilde,Unknown Product,False
new_data\data_20\7037203626563\7037203626563-6.png,7037203626563,images,Leverpostei Ovnsbakt Orginal 190g Gilde,Unknown Product,False
new_data\data_20\7037203626563\7037203626563-60.png,7037203626563,images,Leverpostei Ovnsbakt Orginal 190g Gilde,Unknown Product,False
new_data\data_20\7037203626563\7037203626563-66.png,7037203626563,images,Leverpostei Ovnsbakt Orginal 190g Gilde,Unknown Product,False
new_data\data_20\7037206100022\7037206100022-104.png,7037206100022,images,Kokt Skinke Ekte 110g Gilde,Unknown Product,False
new_data\data_20\7037206100022\7037206100022-110.png,7037206100022,images,Kokt Skinke Ekte 110g Gilde,Unknown Product,False
new_data\data_20\7037206100022\7037206100022-124.png,7037206100022,images,Kokt Skinke Ekte 110g Gilde,Unknown Product,False
new_data\data_20\7037206100022\7037206100022-125.png,7037206100022,images,Kokt Skinke Ekte 110g Gilde,Unknown Product,False
new_data\data_20\7037206100022\7037206100022-128.png,7037206100022,images,Kokt Skinke Ekte 110g Gilde,Unknown Product,False
new_data\data_20\7037206100022\7037206100022-133.png,7037206100022,images,Kokt Skinke Ekte 110g Gilde,Unknown Product,False
new_data\data_20\7037206100022\7037206100022-143.png,7037206100022,images,Kokt Skinke Ekte 110g Gilde,Unknown Product,False
new_data\data_20\7037206100022\7037206100022-154.png,7037206100022,images,Kokt Skinke Ekte 110g Gilde,Unknown Product,False
new_data\data_20\7037206100022\7037206100022-163.png,7037206100022,images,Kokt Skinke Ekte 110g Gilde,Unknown Product,False
new_data\data_20\7037206100022\7037206100022-168.png,7037206100022,images,Kokt Skinke Ekte 110g Gilde,Unknown Product,False
new_data\data_20\7037206100022\7037206100022-19.png,7037206100022,images,Kokt Skinke Ekte 110g Gilde,Unknown Product,False
new_data\data_20\7037206100022\7037206100022-229.png,7037206100022,images,Kokt Skinke Ekte 110g Gilde,Unknown Product,False
new_data\data_20\7037206100022\7037206100022-254.png,7037206100022,images,Kokt Skinke Ekte 110g Gilde,Unknown Product,False
new_data\data_20\7037206100022\7037206100022-261.png,7037206100022,images,Kokt Skinke Ekte 110g Gilde,Unknown Product,False
new_data\data_20\7037206100022\7037206100022-288.png,7037206100022,images,Kokt Skinke Ekte 110g Gilde,Unknown Product,False
new_data\data_20\7037206100022\7037206100022-293.png,7037206100022,images,Kokt Skinke Ekte 110g Gilde,Unknown Product,False
new_data\data_20\7037206100022\7037206100022-302.png,7037206100022,images,Kokt Skinke Ekte 110g Gilde,Unknown Product,False
new_data\data_20\7037206100022\7037206100022-303.png,7037206100022,images,Kokt Skinke Ekte 110g Gilde,Unknown Product,False
new_data\data_20\7037206100022\7037206100022-311.png,7037206100022,images,Kokt Skinke Ekte 110g Gilde,Unknown Product,False
new_data\data_20\7037206100022\7037206100022-32.png,7037206100022,images,Kokt Skinke Ekte 110g Gilde,Unknown Product,False
new_data\data_20\7037206100022\7037206100022-323.png,7037206100022,images,Kokt Skinke Ekte 110g Gilde,Unknown Product,False
new_data\data_20\7037206100022\7037206100022-329.png,7037206100022,images,Kokt Skinke Ekte 110g Gilde,Unknown Product,False
new_data\data_20\7037206100022\7037206100022-331.png,7037206100022,images,Kokt Skinke Ekte 110g Gilde,Unknown Product,False
new_data\data_20\7037206100022\7037206100022-341.png,7037206100022,images,Kokt Skinke Ekte 110g Gilde,Unknown Product,False
new_data\data_20\7037206100022\7037206100022-346.png,7037206100022,images,Kokt Skinke Ekte 110g Gilde,Unknown Product,False
new_data\data_20\7037206100022\7037206100022-38.png,7037206100022,images,Kokt Skinke Ekte 110g Gilde,Unknown Product,False
new_data\data_20\7037206100022\7037206100022-5.png,7037206100022,images,Kokt Skinke Ekte 110g Gilde,Unknown Product,False
new_data\data_20\7037206100022\7037206100022-59.png,7037206100022,images,Kokt Skinke Ekte 110g Gilde,Unknown Product,False
new_data\data_20\7037206100022\7037206100022-69.png,7037206100022,images,Kokt Skinke Ekte 110g Gilde,Unknown Product,False
new_data\data_20\7037206100022\7037206100022-86.png,7037206100022,images,Kokt Skinke Ekte 110g Gilde,Unknown Product,False
new_data\data_20\7037206100022\7037206100022-97.png,7037206100022,images,Kokt Skinke Ekte 110g Gilde,Unknown Product,False
new_data\data_20\7037206100022\7037206100022-99.png,7037206100022,images,Kokt Skinke Ekte 110g Gilde,Unknown Product,False
new_data\data_20\7038010009457\7038010009457-110.png,7038010009457,images,Yoghurt Skogsbær 4x150g Tine,Unknown Product,False
new_data\data_20\7038010009457\7038010009457-121.png,7038010009457,images,Yoghurt Skogsbær 4x150g Tine,Unknown Product,False
new_data\data_20\7038010009457\7038010009457-122.png,7038010009457,images,Yoghurt Skogsbær 4x150g Tine,Unknown Product,False
new_data\data_20\7038010009457\7038010009457-132.png,7038010009457,images,Yoghurt Skogsbær 4x150g Tine,Unknown Product,False
new_data\data_20\7038010009457\7038010009457-133.png,7038010009457,images,Yoghurt Skogsbær 4x150g Tine,Unknown Product,False
new_data\data_20\7038010009457\7038010009457-135.png,7038010009457,images,Yoghurt Skogsbær 4x150g Tine,Unknown Product,False
new_data\data_20\7038010009457\7038010009457-41.png,7038010009457,images,Yoghurt Skogsbær 4x150g Tine,Unknown Product,False
new_data\data_20\7038010009457\7038010009457-43.png,7038010009457,images,Yoghurt Skogsbær 4x150g Tine,Unknown Product,False
new_data\data_20\7038010009457\7038010009457-50.png,7038010009457,images,Yoghurt Skogsbær 4x150g Tine,Unknown Product,False
new_data\data_20\7038010009457\7038010009457-54.png,7038010009457,images,Yoghurt Skogsbær 4x150g Tine,Unknown Product,False
new_data\data_20\7038010009457\7038010009457-56.png,7038010009457,images,Yoghurt Skogsbær 4x150g Tine,Unknown Product,False
new_data\data_20\7038010009457\7038010009457-7.png,7038010009457,images,Yoghurt Skogsbær 4x150g Tine,Unknown Product,False
new_data\data_20\7038010009457\7038010009457-72.png,7038010009457,images,Yoghurt Skogsbær 4x150g Tine,Unknown Product,False
new_data\data_20\7038010009457\7038010009457-82.png,7038010009457,images,Yoghurt Skogsbær 4x150g Tine,Unknown Product,False
new_data\data_20\7038010013966\7038010013966-10.png,7038010013966,images,Norvegia 26% skivet 150g Tine,Unknown Product,False
new_data\data_20\7038010013966\7038010013966-112.png,7038010013966,images,Norvegia 26% skivet 150g Tine,Unknown Product,False
new_data\data_20\7038010013966\7038010013966-113.png,7038010013966,images,Norvegia 26% skivet 150g Tine,Unknown Product,False
new_data\data_20\7038010013966\7038010013966-139.png,7038010013966,images,Norvegia 26% skivet 150g Tine,Unknown Product,False
new_data\data_20\7038010013966\7038010013966-14.png,7038010013966,images,Norvegia 26% skivet 150g Tine,Unknown Product,False
new_data\data_20\7038010013966\7038010013966-146.png,7038010013966,images,Norvegia 26% skivet 150g Tine,Unknown Product,False
new_data\data_20\7038010013966\7038010013966-155.png,7038010013966,images,Norvegia 26% skivet 150g Tine,Unknown Product,False
new_data\data_20\7038010013966\7038010013966-156.png,7038010013966,images,Norvegia 26% skivet 150g Tine,Unknown Product,False
new_data\data_20\7038010013966\7038010013966-179.png,7038010013966,images,Norvegia 26% skivet 150g Tine,Unknown Product,False
new_data\data_20\7038010013966\7038010013966-187.png,7038010013966,images,Norvegia 26% skivet 150g Tine,Unknown Product,False
new_data\data_20\7038010013966\7038010013966-19.png,7038010013966,images,Norvegia 26% skivet 150g Tine,Unknown Product,False
new_data\data_20\7038010013966\7038010013966-199.png,7038010013966,images,Norvegia 26% skivet 150g Tine,Unknown Product,False
new_data\data_20\7038010013966\7038010013966-205.png,7038010013966,images,Norvegia 26% skivet 150g Tine,Unknown Product,False
new_data\data_20\7038010013966\7038010013966-213.png,7038010013966,images,Norvegia 26% skivet 150g Tine,Unknown Product,False
new_data\data_20\7038010013966\7038010013966-219.png,7038010013966,images,Norvegia 26% skivet 150g Tine,Unknown Product,False
new_data\data_20\7038010013966\7038010013966-225.png,7038010013966,images,Norvegia 26% skivet 150g Tine,Unknown Product,False
new_data\data_20\7038010013966\7038010013966-237.png,7038010013966,images,Norvegia 26% skivet 150g Tine,Unknown Product,False
new_data\data_20\7038010013966\7038010013966-258.png,7038010013966,images,Norvegia 26% skivet 150g Tine,Unknown Product,False
new_data\data_20\7038010013966\7038010013966-263.png,7038010013966,images,Norvegia 26% skivet 150g Tine,Unknown Product,False
new_data\data_20\7038010013966\7038010013966-272.png,7038010013966,images,Norvegia 26% skivet 150g Tine,Unknown Product,False
new_data\data_20\7038010013966\7038010013966-279.png,7038010013966,images,Norvegia 26% skivet 150g Tine,Unknown Product,False
new_data\data_20\7038010013966\7038010013966-299.png,7038010013966,images,Norvegia 26% skivet 150g Tine,Unknown Product,False
new_data\data_20\7038010013966\7038010013966-326.png,7038010013966,images,Norvegia 26% skivet 150g Tine,Unknown Product,False
new_data\data_20\7038010013966\7038010013966-327.png,7038010013966,images,Norvegia 26% skivet 150g Tine,Unknown Product,False
new_data\data_20\7038010013966\7038010013966-337.png,7038010013966,images,Norvegia 26% skivet 150g Tine,Unknown Product,False
new_data\data_20\7038010013966\7038010013966-34.png,7038010013966,images,Norvegia 26% skivet 150g Tine,Unknown Product,False
new_data\data_20\7038010013966\7038010013966-354.png,7038010013966,images,Norvegia 26% skivet 150g Tine,Unknown Product,False
new_data\data_20\7038010013966\7038010013966-382.png,7038010013966,images,Norvegia 26% skivet 150g Tine,Unknown Product,False
new_data\data_20\7038010013966\7038010013966-386.png,7038010013966,images,Norvegia 26% skivet 150g Tine,Unknown Product,False
new_data\data_20\7038010013966\7038010013966-42.png,7038010013966,images,Norvegia 26% skivet 150g Tine,Unknown Product,False
new_data\data_20\7038010013966\7038010013966-84.png,7038010013966,images,Norvegia 26% skivet 150g Tine,Unknown Product,False
new_data\data_20\7038010013966\7038010013966-99.png,7038010013966,images,Norvegia 26% skivet 150g Tine,Unknown Product,False
new_data\data_20\7038010021145\7038010021145-100.png,7038010021145,images,Jarlsberg 27% skivet 120g Tine,Unknown Product,False
new_data\data_20\7038010021145\7038010021145-113.png,7038010021145,images,Jarlsberg 27% skivet 120g Tine,Unknown Product,False
new_data\data_20\7038010021145\7038010021145-124.png,7038010021145,images,Jarlsberg 27% skivet 120g Tine,Unknown Product,False
new_data\data_20\7038010021145\7038010021145-148.png,7038010021145,images,Jarlsberg 27% skivet 120g Tine,Unknown Product,False
new_data\data_20\7038010021145\7038010021145-150.png,7038010021145,images,Jarlsberg 27% skivet 120g Tine,Unknown Product,False
new_data\data_20\7038010021145\7038010021145-16.png,7038010021145,images,Jarlsberg 27% skivet 120g Tine,Unknown Product,False
new_data\data_20\7038010021145\7038010021145-169.png,7038010021145,images,Jarlsberg 27% skivet 120g Tine,Unknown Product,False
new_data\data_20\7038010021145\7038010021145-177.png,7038010021145,images,Jarlsberg 27% skivet 120g Tine,Unknown Product,False
new_data\data_20\7038010021145\7038010021145-3.png,7038010021145,images,Jarlsberg 27% skivet 120g Tine,Unknown Product,False
new_data\data_20\7038010021145\7038010021145-34.png,7038010021145,images,Jarlsberg 27% skivet 120g Tine,Unknown Product,False
new_data\data_20\7038010021145\7038010021145-48.png,7038010021145,images,Jarlsberg 27% skivet 120g Tine,Unknown Product,False
new_data\data_20\7038010021145\7038010021145-51.png,7038010021145,images,Jarlsberg 27% skivet 120g Tine,Unknown Product,False
new_data\data_20\7038010021145\7038010021145-85.png,7038010021145,images,Jarlsberg 27% skivet 120g Tine,Unknown Product,False
new_data\data_20\7038010021145\7038010021145-94.png,7038010021145,images,Jarlsberg 27% skivet 120g Tine,Unknown Product,False
new_data\data_20\7038010054488\7038010054488-1.png,7038010054488,images,Cottage Cheese Mager 2% 400g Tine,Unknown Product,False
new_data\data_20\7038010054488\7038010054488-10.png,7038010054488,images,Cottage Cheese Mager 2% 400g Tine,Unknown Product,False
new_data\data_20\7038010054488\7038010054488-106.png,7038010054488,images,Cottage Cheese Mager 2% 400g Tine,Unknown Product,False
new_data\data_20\7038010054488\7038010054488-119.png,7038010054488,images,Cottage Cheese Mager 2% 400g Tine,Unknown Product,False
new_data\data_20\7038010054488\7038010054488-12.png,7038010054488,images,Cottage Cheese Mager 2% 400g Tine,Unknown Product,False
new_data\data_20\7038010054488\7038010054488-120.png,7038010054488,images,Cottage Cheese Mager 2% 400g Tine,Unknown Product,False
new_data\data_20\7038010054488\7038010054488-132.png,7038010054488,images,Cottage Cheese Mager 2% 400g Tine,Unknown Product,False
new_data\data_20\7038010054488\7038010054488-14.png,7038010054488,images,Cottage Cheese Mager 2% 400g Tine,Unknown Product,False
new_data\data_20\7038010054488\7038010054488-174.png,7038010054488,images,Cottage Cheese Mager 2% 400g Tine,Unknown Product,False
new_data\data_20\7038010054488\7038010054488-179.png,7038010054488,images,Cottage Cheese Mager 2% 400g Tine,Unknown Product,False
new_data\data_20\7038010054488\7038010054488-197.png,7038010054488,images,Cottage Cheese Mager 2% 400g Tine,Unknown Product,False
new_data\data_20\7038010054488\7038010054488-2.png,7038010054488,images,Cottage Cheese Mager 2% 400g Tine,Unknown Product,False
new_data\data_20\7038010054488\7038010054488-203.png,7038010054488,images,Cottage Cheese Mager 2% 400g Tine,Unknown Product,False
new_data\data_20\7038010054488\7038010054488-207.png,7038010054488,images,Cottage Cheese Mager 2% 400g Tine,Unknown Product,False
new_data\data_20\7038010054488\7038010054488-26.png,7038010054488,images,Cottage Cheese Mager 2% 400g Tine,Unknown Product,False
new_data\data_20\7038010054488\7038010054488-47.png,7038010054488,images,Cottage Cheese Mager 2% 400g Tine,Unknown Product,False
new_data\data_20\7038010054488\7038010054488-51.png,7038010054488,images,Cottage Cheese Mager 2% 400g Tine,Unknown Product,False
new_data\data_20\7038010054488\7038010054488-62.png,7038010054488,images,Cottage Cheese Mager 2% 400g Tine,Unknown Product,False
new_data\data_20\7038010054488\7038010054488-69.png,7038010054488,images,Cottage Cheese Mager 2% 400g Tine,Unknown Product,False
new_data\data_20\7038010054488\7038010054488-77.png,7038010054488,images,Cottage Cheese Mager 2% 400g Tine,Unknown Product,False
new_data\data_20\7038010054488\7038010054488-87.png,7038010054488,images,Cottage Cheese Mager 2% 400g Tine,Unknown Product,False
new_data\data_20\7038010054488\7038010054488-90.png,7038010054488,images,Cottage Cheese Mager 2% 400g Tine,Unknown Product,False
new_data\data_20\7038010054488\7038010054488-91.png,7038010054488,images,Cottage Cheese Mager 2% 400g Tine,Unknown Product,False
new_data\data_20\7038010054488\7038010054488-97.png,7038010054488,images,Cottage Cheese Mager 2% 400g Tine,Unknown Product,False
new_data\data_20\7038010068980\7038010068980-1.png,7038010068980,images,Yt Protein Yoghurt Vanilje 430g Tine,Unknown Product,False
new_data\data_20\7038010068980\7038010068980-10.png,7038010068980,images,Yt Protein Yoghurt Vanilje 430g Tine,Unknown Product,False
new_data\data_20\7038010068980\7038010068980-12.png,7038010068980,images,Yt Protein Yoghurt Vanilje 430g Tine,Unknown Product,False
new_data\data_20\7038010068980\7038010068980-137.png,7038010068980,images,Yt Protein Yoghurt Vanilje 430g Tine,Unknown Product,False
new_data\data_20\7038010068980\7038010068980-141.png,7038010068980,images,Yt Protein Yoghurt Vanilje 430g Tine,Unknown Product,False
new_data\data_20\7038010068980\7038010068980-154.png,7038010068980,images,Yt Protein Yoghurt Vanilje 430g Tine,Unknown Product,False
new_data\data_20\7038010068980\7038010068980-170.png,7038010068980,images,Yt Protein Yoghurt Vanilje 430g Tine,Unknown Product,False
new_data\data_20\7038010068980\7038010068980-171.png,7038010068980,images,Yt Protein Yoghurt Vanilje 430g Tine,Unknown Product,False
new_data\data_20\7038010068980\7038010068980-187.png,7038010068980,images,Yt Protein Yoghurt Vanilje 430g Tine,Unknown Product,False
new_data\data_20\7038010068980\7038010068980-195.png,7038010068980,images,Yt Protein Yoghurt Vanilje 430g Tine,Unknown Product,False
new_data\data_20\7038010068980\7038010068980-206.png,7038010068980,images,Yt Protein Yoghurt Vanilje 430g Tine,Unknown Product,False
new_data\data_20\7038010068980\7038010068980-211.png,7038010068980,images,Yt Protein Yoghurt Vanilje 430g Tine,Unknown Product,False
new_data\data_20\7038010068980\7038010068980-215.png,7038010068980,images,Yt Protein Yoghurt Vanilje 430g Tine,Unknown Product,False
new_data\data_20\7038010068980\7038010068980-219.png,7038010068980,images,Yt Protein Yoghurt Vanilje 430g Tine,Unknown Product,False
new_data\data_20\7038010068980\7038010068980-248.png,7038010068980,images,Yt Protein Yoghurt Vanilje 430g Tine,Unknown Product,False
new_data\data_20\7038010068980\7038010068980-254.png,7038010068980,images,Yt Protein Yoghurt Vanilje 430g Tine,Unknown Product,False
new_data\data_20\7038010068980\7038010068980-256.png,7038010068980,images,Yt Protein Yoghurt Vanilje 430g Tine,Unknown Product,False
new_data\data_20\7038010068980\7038010068980-261.png,7038010068980,images,Yt Protein Yoghurt Vanilje 430g Tine,Unknown Product,False
new_data\data_20\7038010068980\7038010068980-28.png,7038010068980,images,Yt Protein Yoghurt Vanilje 430g Tine,Unknown Product,False
new_data\data_20\7038010068980\7038010068980-287.png,7038010068980,images,Yt Protein Yoghurt Vanilje 430g Tine,Unknown Product,False
new_data\data_20\7038010068980\7038010068980-305.png,7038010068980,images,Yt Protein Yoghurt Vanilje 430g Tine,Unknown Product,False
new_data\data_20\7038010068980\7038010068980-308.png,7038010068980,images,Yt Protein Yoghurt Vanilje 430g Tine,Unknown Product,False
new_data\data_20\7038010068980\7038010068980-312.png,7038010068980,images,Yt Protein Yoghurt Vanilje 430g Tine,Unknown Product,False
new_data\data_20\7038010068980\7038010068980-315.png,7038010068980,images,Yt Protein Yoghurt Vanilje 430g Tine,Unknown Product,False
new_data\data_20\7038010068980\7038010068980-318.png,7038010068980,images,Yt Protein Yoghurt Vanilje 430g Tine,Unknown Product,False
new_data\data_20\7038010068980\7038010068980-52.png,7038010068980,images,Yt Protein Yoghurt Vanilje 430g Tine,Unknown Product,False
new_data\data_20\7038010068980\7038010068980-63.png,7038010068980,images,Yt Protein Yoghurt Vanilje 430g Tine,Unknown Product,False
new_data\data_20\7038010068980\7038010068980-64.png,7038010068980,images,Yt Protein Yoghurt Vanilje 430g Tine,Unknown Product,False
new_data\data_20\7038010068980\7038010068980-67.png,7038010068980,images,Yt Protein Yoghurt Vanilje 430g Tine,Unknown Product,False
new_data\data_20\7038010068980\7038010068980-87.png,7038010068980,images,Yt Protein Yoghurt Vanilje 430g Tine,Unknown Product,False
new_data\data_20\7038010068980\7038010068980-9.png,7038010068980,images,Yt Protein Yoghurt Vanilje 430g Tine,Unknown Product,False
new_data\data_20\7038010068980\7038010068980-97.png,7038010068980,images,Yt Protein Yoghurt Vanilje 430g Tine,Unknown Product,False
new_data\data_20\7039610000318\7039610000318-103.png,7039610000318,images,Frokostegg Frittgående L 12stk Prior,Unknown Product,False
new_data\data_20\7039610000318\7039610000318-108.png,7039610000318,images,Frokostegg Frittgående L 12stk Prior,Unknown Product,False
new_data\data_20\7039610000318\7039610000318-11.png,7039610000318,images,Frokostegg Frittgående L 12stk Prior,Unknown Product,False
new_data\data_20\7039610000318\7039610000318-12.png,7039610000318,images,Frokostegg Frittgående L 12stk Prior,Unknown Product,False
new_data\data_20\7039610000318\7039610000318-121.png,7039610000318,images,Frokostegg Frittgående L 12stk Prior,Unknown Product,False
new_data\data_20\7039610000318\7039610000318-122.png,7039610000318,images,Frokostegg Frittgående L 12stk Prior,Unknown Product,False
new_data\data_20\7039610000318\7039610000318-128.png,7039610000318,images,Frokostegg Frittgående L 12stk Prior,Unknown Product,False
new_data\data_20\7039610000318\7039610000318-135.png,7039610000318,images,Frokostegg Frittgående L 12stk Prior,Unknown Product,False
new_data\data_20\7039610000318\7039610000318-141.png,7039610000318,images,Frokostegg Frittgående L 12stk Prior,Unknown Product,False
new_data\data_20\7039610000318\7039610000318-148.png,7039610000318,images,Frokostegg Frittgående L 12stk Prior,Unknown Product,False
new_data\data_20\7039610000318\7039610000318-160.png,7039610000318,images,Frokostegg Frittgående L 12stk Prior,Unknown Product,False
new_data\data_20\7039610000318\7039610000318-165.png,7039610000318,images,Frokostegg Frittgående L 12stk Prior,Unknown Product,False
new_data\data_20\7039610000318\7039610000318-193.png,7039610000318,images,Frokostegg Frittgående L 12stk Prior,Unknown Product,False
new_data\data_20\7039610000318\7039610000318-195.png,7039610000318,images,Frokostegg Frittgående L 12stk Prior,Unknown Product,False
new_data\data_20\7039610000318\7039610000318-197.png,7039610000318,images,Frokostegg Frittgående L 12stk Prior,Unknown Product,False
new_data\data_20\7039610000318\7039610000318-225.png,7039610000318,images,Frokostegg Frittgående L 12stk Prior,Unknown Product,False
new_data\data_20\7039610000318\7039610000318-229.png,7039610000318,images,Frokostegg Frittgående L 12stk Prior,Unknown Product,False
new_data\data_20\7039610000318\7039610000318-23.png,7039610000318,images,Frokostegg Frittgående L 12stk Prior,Unknown Product,False
new_data\data_20\7039610000318\7039610000318-230.png,7039610000318,images,Frokostegg Frittgående L 12stk Prior,Unknown Product,False
new_data\data_20\7039610000318\7039610000318-231.png,7039610000318,images,Frokostegg Frittgående L 12stk Prior,Unknown Product,False
new_data\data_20\7039610000318\7039610000318-235.png,7039610000318,images,Frokostegg Frittgående L 12stk Prior,Unknown Product,False
new_data\data_20\7039610000318\7039610000318-32.png,7039610000318,images,Frokostegg Frittgående L 12stk Prior,Unknown Product,False
new_data\data_20\7039610000318\7039610000318-87.png,7039610000318,images,Frokostegg Frittgående L 12stk Prior,Unknown Product,False
new_data\data_20\7040513000022\7040513000022-107.png,7040513000022,images,Gulrot 750g Beger,Unknown Product,False
new_data\data_20\7040513000022\7040513000022-14.png,7040513000022,images,Gulrot 750g Beger,Unknown Product,False
new_data\data_20\7040513000022\7040513000022-157.png,7040513000022,images,Gulrot 750g Beger,Unknown Product,False
new_data\data_20\7040513000022\7040513000022-168.png,7040513000022,images,Gulrot 750g Beger,Unknown Product,False
new_data\data_20\7040513000022\7040513000022-191.png,7040513000022,images,Gulrot 750g Beger,Unknown Product,False
new_data\data_20\7040513000022\7040513000022-198.png,7040513000022,images,Gulrot 750g Beger,Unknown Product,False
new_data\data_20\7040513000022\7040513000022-20.png,7040513000022,images,Gulrot 750g Beger,Unknown Product,False
new_data\data_20\7040513000022\7040513000022-205.png,7040513000022,images,Gulrot 750g Beger,Unknown Product,False
new_data\data_20\7040513000022\7040513000022-226.png,7040513000022,images,Gulrot 750g Beger,Unknown Product,False
new_data\data_20\7040513000022\7040513000022-23.png,7040513000022,images,Gulrot 750g Beger,Unknown Product,False
new_data\data_20\7040513000022\7040513000022-243.png,7040513000022,images,Gulrot 750g Beger,Unknown Product,False
new_data\data_20\7040513000022\7040513000022-28.png,7040513000022,images,Gulrot 750g Beger,Unknown Product,False
new_data\data_20\7040513000022\7040513000022-29.png,7040513000022,images,Gulrot 750g Beger,Unknown Product,False
new_data\data_20\7040513000022\7040513000022-292.png,7040513000022,images,Gulrot 750g Beger,Unknown Product,False
new_data\data_20\7040513000022\7040513000022-306.png,7040513000022,images,Gulrot 750g Beger,Unknown Product,False
new_data\data_20\7040513000022\7040513000022-329.png,7040513000022,images,Gulrot 750g Beger,Unknown Product,False
new_data\data_20\7040513000022\7040513000022-346.png,7040513000022,images,Gulrot 750g Beger,Unknown Product,False
new_data\data_20\7040513000022\7040513000022-371.png,7040513000022,images,Gulrot 750g Beger,Unknown Product,False
new_data\data_20\7040513000022\7040513000022-390.png,7040513000022,images,Gulrot 750g Beger,Unknown Product,False
new_data\data_20\7040513000022\7040513000022-394.png,7040513000022,images,Gulrot 750g Beger,Unknown Product,False
new_data\data_20\7040513000022\7040513000022-400.png,7040513000022,images,Gulrot 750g Beger,Unknown Product,False
new_data\data_20\7040513000022\7040513000022-423.png,7040513000022,images,Gulrot 750g Beger,Unknown Product,False
new_data\data_20\7040513000022\7040513000022-51.png,7040513000022,images,Gulrot 750g Beger,Unknown Product,False
new_data\data_20\7040513000022\7040513000022-58.png,7040513000022,images,Gulrot 750g Beger,Unknown Product,False
new_data\data_20\7040513000022\7040513000022-61.png,7040513000022,images,Gulrot 750g Beger,Unknown Product,False
new_data\data_20\7040513000022\7040513000022-77.png,7040513000022,images,Gulrot 750g Beger,Unknown Product,False
new_data\data_20\7040513000022\7040513000022-91.png,7040513000022,images,Gulrot 750g Beger,Unknown Product,False
new_data\data_20\7040513001753\7040513001753-134.png,7040513001753,images,Gulrot 1kg pose First Price,Unknown Product,False
new_data\data_20\7040513001753\7040513001753-15.png,7040513001753,images,Gulrot 1kg pose First Price,Unknown Product,False
new_data\data_20\7040513001753\7040513001753-27.png,7040513001753,images,Gulrot 1kg pose First Price,Unknown Product,False
new_data\data_20\7040513001753\7040513001753-50.png,7040513001753,images,Gulrot 1kg pose First Price,Unknown Product,False
new_data\data_20\7040513001753\7040513001753-52.png,7040513001753,images,Gulrot 1kg pose First Price,Unknown Product,False
new_data\data_20\7040513001753\7040513001753-53.png,7040513001753,images,Gulrot 1kg pose First Price,Unknown Product,False
new_data\data_20\7040513001753\7040513001753-59.png,7040513001753,images,Gulrot 1kg pose First Price,Unknown Product,False
new_data\data_20\7040513001753\7040513001753-60.png,7040513001753,images,Gulrot 1kg pose First Price,Unknown Product,False
new_data\data_20\7040513001753\7040513001753-63.png,7040513001753,images,Gulrot 1kg pose First Price,Unknown Product,False
new_data\data_20\7040513001753\7040513001753-70.png,7040513001753,images,Gulrot 1kg pose First Price,Unknown Product,False
new_data\data_20\7040513001753\7040513001753-73.png,7040513001753,images,Gulrot 1kg pose First Price,Unknown Product,False
new_data\data_20\7040913336684\7040913336684-107.png,7040913336684,images,Evergood Classic Filtermalt 250g,Unknown Product,False
new_data\data_20\7040913336684\7040913336684-117.png,7040913336684,images,Evergood Classic Filtermalt 250g,Unknown Product,False
new_data\data_20\7040913336684\7040913336684-118.png,7040913336684,images,Evergood Classic Filtermalt 250g,Unknown Product,False
new_data\data_20\7040913336684\7040913336684-130.png,7040913336684,images,Evergood Classic Filtermalt 250g,Unknown Product,False
new_data\data_20\7040913336684\7040913336684-156.png,7040913336684,images,Evergood Classic Filtermalt 250g,Unknown Product,False
new_data\data_20\7040913336684\7040913336684-16.png,7040913336684,images,Evergood Classic Filtermalt 250g,Unknown Product,False
new_data\data_20\7040913336684\7040913336684-160.png,7040913336684,images,Evergood Classic Filtermalt 250g,Unknown Product,False
new_data\data_20\7040913336684\7040913336684-164.png,7040913336684,images,Evergood Classic Filtermalt 250g,Unknown Product,False
new_data\data_20\7040913336684\7040913336684-18.png,7040913336684,images,Evergood Classic Filtermalt 250g,Unknown Product,False
new_data\data_20\7040913336684\7040913336684-24.png,7040913336684,images,Evergood Classic Filtermalt 250g,Unknown Product,False
new_data\data_20\7040913336684\7040913336684-61.png,7040913336684,images,Evergood Classic Filtermalt 250g,Unknown Product,False
new_data\data_20\7040913336684\7040913336684-62.png,7040913336684,images,Evergood Classic Filtermalt 250g,Unknown Product,False
new_data\data_20\7040913336684\7040913336684-72.png,7040913336684,images,Evergood Classic Filtermalt 250g,Unknown Product,False
new_data\data_20\7040913336684\7040913336684-98.png,7040913336684,images,Evergood Classic Filtermalt 250g,Unknown Product,False
new_data\data_20\7044610874661\7044610874661-109.png,7044610874661,images,"Pepsi Max 0,5l flaske",Unknown Product,False
new_data\data_20\7044610874661\7044610874661-134.png,7044610874661,images,"Pepsi Max 0,5l flaske",Unknown Product,False
new_data\data_20\7044610874661\7044610874661-138.png,7044610874661,images,"Pepsi Max 0,5l flaske",Unknown Product,False
new_data\data_20\7044610874661\7044610874661-139.png,7044610874661,images,"Pepsi Max 0,5l flaske",Unknown Product,False
new_data\data_20\7044610874661\7044610874661-140.png,7044610874661,images,"Pepsi Max 0,5l flaske",Unknown Product,False
new_data\data_20\7044610874661\7044610874661-153.png,7044610874661,images,"Pepsi Max 0,5l flaske",Unknown Product,False
new_data\data_20\7044610874661\7044610874661-154.png,7044610874661,images,"Pepsi Max 0,5l flaske",Unknown Product,False
new_data\data_20\7044610874661\7044610874661-166.png,7044610874661,images,"Pepsi Max 0,5l flaske",Unknown Product,False
new_data\data_20\7044610874661\7044610874661-187.png,7044610874661,images,"Pepsi Max 0,5l flaske",Unknown Product,False
new_data\data_20\7044610874661\7044610874661-189.png,7044610874661,images,"Pepsi Max 0,5l flaske",Unknown Product,False
new_data\data_20\7044610874661\7044610874661-196.png,7044610874661,images,"Pepsi Max 0,5l flaske",Unknown Product,False
new_data\data_20\7044610874661\7044610874661-207.png,7044610874661,images,"Pepsi Max 0,5l flaske",Unknown Product,False
new_data\data_20\7044610874661\7044610874661-21.png,7044610874661,images,"Pepsi Max 0,5l flaske",Unknown Product,False
new_data\data_20\7044610874661\7044610874661-227.png,7044610874661,images,"Pepsi Max 0,5l flaske",Unknown Product,False
new_data\data_20\7044610874661\7044610874661-229.png,7044610874661,images,"Pepsi Max 0,5l flaske",Unknown Product,False
new_data\data_20\7044610874661\7044610874661-233.png,7044610874661,images,"Pepsi Max 0,5l flaske",Unknown Product,False
new_data\data_20\7044610874661\7044610874661-245.png,7044610874661,images,"Pepsi Max 0,5l flaske",Unknown Product,False
new_data\data_20\7044610874661\7044610874661-256.png,7044610874661,images,"Pepsi Max 0,5l flaske",Unknown Product,False
new_data\data_20\7044610874661\7044610874661-259.png,7044610874661,images,"Pepsi Max 0,5l flaske",Unknown Product,False
new_data\data_20\7044610874661\7044610874661-265.png,7044610874661,images,"Pepsi Max 0,5l flaske",Unknown Product,False
new_data\data_20\7044610874661\7044610874661-280.png,7044610874661,images,"Pepsi Max 0,5l flaske",Unknown Product,False
new_data\data_20\7044610874661\7044610874661-286.png,7044610874661,images,"Pepsi Max 0,5l flaske",Unknown Product,False
new_data\data_20\7044610874661\7044610874661-290.png,7044610874661,images,"Pepsi Max 0,5l flaske",Unknown Product,False
new_data\data_20\7044610874661\7044610874661-292.png,7044610874661,images,"Pepsi Max 0,5l flaske",Unknown Product,False
new_data\data_20\7044610874661\7044610874661-310.png,7044610874661,images,"Pepsi Max 0,5l flaske",Unknown Product,False
new_data\data_20\7044610874661\7044610874661-312.png,7044610874661,images,"Pepsi Max 0,5l flaske",Unknown Product,False
new_data\data_20\7044610874661\7044610874661-318.png,7044610874661,images,"Pepsi Max 0,5l flaske",Unknown Product,False
new_data\data_20\7044610874661\7044610874661-329.png,7044610874661,images,"Pepsi Max 0,5l flaske",Unknown Product,False
new_data\data_20\7044610874661\7044610874661-345.png,7044610874661,images,"Pepsi Max 0,5l flaske",Unknown Product,False
new_data\data_20\7044610874661\7044610874661-348.png,7044610874661,images,"Pepsi Max 0,5l flaske",Unknown Product,False
new_data\data_20\7044610874661\7044610874661-351.png,7044610874661,images,"Pepsi Max 0,5l flaske",Unknown Product,False
new_data\data_20\7044610874661\7044610874661-354.png,7044610874661,images,"Pepsi Max 0,5l flaske",Unknown Product,False
new_data\data_20\7044610874661\7044610874661-364.png,7044610874661,images,"Pepsi Max 0,5l flaske",Unknown Product,False
new_data\data_20\7044610874661\7044610874661-365.png,7044610874661,images,"Pepsi Max 0,5l flaske",Unknown Product,False
new_data\data_20\7044610874661\7044610874661-369.png,7044610874661,images,"Pepsi Max 0,5l flaske",Unknown Product,False
new_data\data_20\7044610874661\7044610874661-377.png,7044610874661,images,"Pepsi Max 0,5l flaske",Unknown Product,False
new_data\data_20\7044610874661\7044610874661-378.png,7044610874661,images,"Pepsi Max 0,5l flaske",Unknown Product,False
new_data\data_20\7044610874661\7044610874661-38.png,7044610874661,images,"Pepsi Max 0,5l flaske",Unknown Product,False
new_data\data_20\7044610874661\7044610874661-391.png,7044610874661,images,"Pepsi Max 0,5l flaske",Unknown Product,False
new_data\data_20\7044610874661\7044610874661-396.png,7044610874661,images,"Pepsi Max 0,5l flaske",Unknown Product,False
new_data\data_20\7044610874661\7044610874661-4.png,7044610874661,images,"Pepsi Max 0,5l flaske",Unknown Product,False
new_data\data_20\7044610874661\7044610874661-407.png,7044610874661,images,"Pepsi Max 0,5l flaske",Unknown Product,False
new_data\data_20\7044610874661\7044610874661-423.png,7044610874661,images,"Pepsi Max 0,5l flaske",Unknown Product,False
new_data\data_20\7044610874661\7044610874661-425.png,7044610874661,images,"Pepsi Max 0,5l flaske",Unknown Product,False
new_data\data_20\7044610874661\7044610874661-426.png,7044610874661,images,"Pepsi Max 0,5l flaske",Unknown Product,False
new_data\data_20\7044610874661\7044610874661-434.png,7044610874661,images,"Pepsi Max 0,5l flaske",Unknown Product,False
new_data\data_20\7044610874661\7044610874661-435.png,7044610874661,images,"Pepsi Max 0,5l flaske",Unknown Product,False
new_data\data_20\7044610874661\7044610874661-450.png,7044610874661,images,"Pepsi Max 0,5l flaske",Unknown Product,False
new_data\data_20\7044610874661\7044610874661-456.png,7044610874661,images,"Pepsi Max 0,5l flaske",Unknown Product,False
new_data\data_20\7044610874661\7044610874661-459.png,7044610874661,images,"Pepsi Max 0,5l flaske",Unknown Product,False
new_data\data_20\7044610874661\7044610874661-46.png,7044610874661,images,"Pepsi Max 0,5l flaske",Unknown Product,False
new_data\data_20\7044610874661\7044610874661-473.png,7044610874661,images,"Pepsi Max 0,5l flaske",Unknown Product,False
new_data\data_20\7044610874661\7044610874661-477.png,7044610874661,images,"Pepsi Max 0,5l flaske",Unknown Product,False
new_data\data_20\7044610874661\7044610874661-478.png,7044610874661,images,"Pepsi Max 0,5l flaske",Unknown Product,False
new_data\data_20\7044610874661\7044610874661-83.png,7044610874661,images,"Pepsi Max 0,5l flaske",Unknown Product,False
new_data\data_20\7044610874661\7044610874661-9.png,7044610874661,images,"Pepsi Max 0,5l flaske",Unknown Product,False
new_data\data_20\7044610874661\7044610874661-97.png,7044610874661,images,"Pepsi Max 0,5l flaske",Unknown Product,False
new_data\data_20\7048840205868\7048840205868-114.png,7048840205868,images,Frokostyoghurt Skogsbær 125g pose Q,Unknown Product,False
new_data\data_20\7048840205868\7048840205868-121.png,7048840205868,images,Frokostyoghurt Skogsbær 125g pose Q,Unknown Product,False
new_data\data_20\7048840205868\7048840205868-132.png,7048840205868,images,Frokostyoghurt Skogsbær 125g pose Q,Unknown Product,False
new_data\data_20\7048840205868\7048840205868-20.png,7048840205868,images,Frokostyoghurt Skogsbær 125g pose Q,Unknown Product,False
new_data\data_20\7048840205868\7048840205868-35.png,7048840205868,images,Frokostyoghurt Skogsbær 125g pose Q,Unknown Product,False
new_data\data_20\7048840205868\7048840205868-40.png,7048840205868,images,Frokostyoghurt Skogsbær 125g pose Q,Unknown Product,False
new_data\data_20\7048840205868\7048840205868-48.png,7048840205868,images,Frokostyoghurt Skogsbær 125g pose Q,Unknown Product,False
new_data\data_20\7048840205868\7048840205868-49.png,7048840205868,images,Frokostyoghurt Skogsbær 125g pose Q,Unknown Product,False
new_data\data_20\7048840205868\7048840205868-54.png,7048840205868,images,Frokostyoghurt Skogsbær 125g pose Q,Unknown Product,False
new_data\data_20\7048840205868\7048840205868-71.png,7048840205868,images,Frokostyoghurt Skogsbær 125g pose Q,Unknown Product,False
new_data\data_20\7048840205868\7048840205868-87.png,7048840205868,images,Frokostyoghurt Skogsbær 125g pose Q,Unknown Product,False
new_data\data_20\7048840205868\7048840205868-88.png,7048840205868,images,Frokostyoghurt Skogsbær 125g pose Q,Unknown Product,False
new_data\data_20\7048840205868\7048840205868-9.png,7048840205868,images,Frokostyoghurt Skogsbær 125g pose Q,Unknown Product,False
new_data\data_20\7071688004713\7071688004713-14.png,7071688004713,images,Original Havsalt 190g Sørlandschips,Unknown Product,False
new_data\data_20\7071688004713\7071688004713-20.png,7071688004713,images,Original Havsalt 190g Sørlandschips,Unknown Product,False
new_data\data_20\7071688004713\7071688004713-24.png,7071688004713,images,Original Havsalt 190g Sørlandschips,Unknown Product,False
new_data\data_20\7071688004713\7071688004713-28.png,7071688004713,images,Original Havsalt 190g Sørlandschips,Unknown Product,False
new_data\data_20\7071688004713\7071688004713-42.png,7071688004713,images,Original Havsalt 190g Sørlandschips,Unknown Product,False
new_data\data_20\7071688004713\7071688004713-44.png,7071688004713,images,Original Havsalt 190g Sørlandschips,Unknown Product,False
new_data\data_20\7071688004713\7071688004713-49.png,7071688004713,images,Original Havsalt 190g Sørlandschips,Unknown Product,False
new_data\data_20\7071688004713\7071688004713-65.png,7071688004713,images,Original Havsalt 190g Sørlandschips,Unknown Product,False
new_data\data_20\7071688004713\7071688004713-7.png,7071688004713,images,Original Havsalt 190g Sørlandschips,Unknown Product,False
new_data\data_20\7071688004713\7071688004713-83.png,7071688004713,images,Original Havsalt 190g Sørlandschips,Unknown Product,False
new_data\data_20\7622210410337\7622210410337-117.png,7622210410337,images,Kvikk Lunsj 3x47g Freia,Unknown Product,False
new_data\data_20\7622210410337\7622210410337-120.png,7622210410337,images,Kvikk Lunsj 3x47g Freia,Unknown Product,False
new_data\data_20\7622210410337\7622210410337-123.png,7622210410337,images,Kvikk Lunsj 3x47g Freia,Unknown Product,False
new_data\data_20\7622210410337\7622210410337-125.png,7622210410337,images,Kvikk Lunsj 3x47g Freia,Unknown Product,False
new_data\data_20\7622210410337\7622210410337-24.png,7622210410337,images,Kvikk Lunsj 3x47g Freia,Unknown Product,False
new_data\data_20\7622210410337\7622210410337-25.png,7622210410337,images,Kvikk Lunsj 3x47g Freia,Unknown Product,False
new_data\data_20\7622210410337\7622210410337-26.png,7622210410337,images,Kvikk Lunsj 3x47g Freia,Unknown Product,False
new_data\data_20\7622210410337\7622210410337-27.png,7622210410337,images,Kvikk Lunsj 3x47g Freia,Unknown Product,False
new_data\data_20\7622210410337\7622210410337-3.png,7622210410337,images,Kvikk Lunsj 3x47g Freia,Unknown Product,False
new_data\data_20\7622210410337\7622210410337-73.png,7622210410337,images,Kvikk Lunsj 3x47g Freia,Unknown Product,False
new_data\data_20\7622210410337\7622210410337-8.png,7622210410337,images,Kvikk Lunsj 3x47g Freia,Unknown Product,False
new_data\data_20\7622210410337\7622210410337-80.png,7622210410337,images,Kvikk Lunsj 3x47g Freia,Unknown Product,False
new_data\data_20\7622210410337\7622210410337-84.png,7622210410337,images,Kvikk Lunsj 3x47g Freia,Unknown Product,False
new_data\data_20\7622210410337\7622210410337-93.png,7622210410337,images,Kvikk Lunsj 3x47g Freia,Unknown Product,False
new_data\data_20\90433917\90433917-105.png,90433917,images,Red Bull Regular 250ml boks,Unknown Product,False
new_data\data_20\90433917\90433917-117.png,90433917,images,Red Bull Regular 250ml boks,Unknown Product,False
new_data\data_20\90433917\90433917-123.png,90433917,images,Red Bull Regular 250ml boks,Unknown Product,False
new_data\data_20\90433917\90433917-129.png,90433917,images,Red Bull Regular 250ml boks,Unknown Product,False
new_data\data_20\90433917\90433917-134.png,90433917,images,Red Bull Regular 250ml boks,Unknown Product,False
new_data\data_20\90433917\90433917-136.png,90433917,images,Red Bull Regular 250ml boks,Unknown Product,False
new_data\data_20\90433917\90433917-140.png,90433917,images,Red Bull Regular 250ml boks,Unknown Product,False
new_data\data_20\90433917\90433917-15.png,90433917,images,Red Bull Regular 250ml boks,Unknown Product,False
new_data\data_20\90433917\90433917-27.png,90433917,images,Red Bull Regular 250ml boks,Unknown Product,False
new_data\data_20\90433917\90433917-38.png,90433917,images,Red Bull Regular 250ml boks,Unknown Product,False
new_data\data_20\90433917\90433917-45.png,90433917,images,Red Bull Regular 250ml boks,Unknown Product,False
new_data\data_20\90433917\90433917-60.png,90433917,images,Red Bull Regular 250ml boks,Unknown Product,False
new_data\data_20\90433917\90433917-66.png,90433917,images,Red Bull Regular 250ml boks,Unknown Product,False
new_data\data_20\90433917\90433917-69.png,90433917,images,Red Bull Regular 250ml boks,Unknown Product,False
new_data\data_20\90433917\90433917-75.png,90433917,images,Red Bull Regular 250ml boks,Unknown Product,False
new_data\data_20\90433917\90433917-84.png,90433917,images,Red Bull Regular 250ml boks,Unknown Product,False
new_data\data_20\90433917\90433917-88.png,90433917,images,Red Bull Regular 250ml boks,Unknown Product,False
new_data\data_20\90433917\90433917-98.png,90433917,images,Red Bull Regular 250ml boks,Unknown Product,False
new_data\data_20\90433924\90433924-103.png,90433924,images,Red Bull Sukkerfri 250ml boks,Unknown Product,False
new_data\data_20\90433924\90433924-113.png,90433924,images,Red Bull Sukkerfri 250ml boks,Unknown Product,False
new_data\data_20\90433924\90433924-12.png,90433924,images,Red Bull Sukkerfri 250ml boks,Unknown Product,False
new_data\data_20\90433924\90433924-141.png,90433924,images,Red Bull Sukkerfri 250ml boks,Unknown Product,False
new_data\data_20\90433924\90433924-150.png,90433924,images,Red Bull Sukkerfri 250ml boks,Unknown Product,False
new_data\data_20\90433924\90433924-151.png,90433924,images,Red Bull Sukkerfri 250ml boks,Unknown Product,False
new_data\data_20\90433924\90433924-166.png,90433924,images,Red Bull Sukkerfri 250ml boks,Unknown Product,False
new_data\data_20\90433924\90433924-18.png,90433924,images,Red Bull Sukkerfri 250ml boks,Unknown Product,False
new_data\data_20\90433924\90433924-185.png,90433924,images,Red Bull Sukkerfri 250ml boks,Unknown Product,False
new_data\data_20\90433924\90433924-189.png,90433924,images,Red Bull Sukkerfri 250ml boks,Unknown Product,False
new_data\data_20\90433924\90433924-200.png,90433924,images,Red Bull Sukkerfri 250ml boks,Unknown Product,False
new_data\data_20\90433924\90433924-201.png,90433924,images,Red Bull Sukkerfri 250ml boks,Unknown Product,False
new_data\data_20\90433924\90433924-202.png,90433924,images,Red Bull Sukkerfri 250ml boks,Unknown Product,False
new_data\data_20\90433924\90433924-210.png,90433924,images,Red Bull Sukkerfri 250ml boks,Unknown Product,False
new_data\data_20\90433924\90433924-246.png,90433924,images,Red Bull Sukkerfri 250ml boks,Unknown Product,False
new_data\data_20\90433924\90433924-252.png,90433924,images,Red Bull Sukkerfri 250ml boks,Unknown Product,False
new_data\data_20\90433924\90433924-282.png,90433924,images,Red Bull Sukkerfri 250ml boks,Unknown Product,False
new_data\data_20\90433924\90433924-32.png,90433924,images,Red Bull Sukkerfri 250ml boks,Unknown Product,False
new_data\data_20\90433924\90433924-44.png,90433924,images,Red Bull Sukkerfri 250ml boks,Unknown Product,False
new_data\data_20\90433924\90433924-45.png,90433924,images,Red Bull Sukkerfri 250ml boks,Unknown Product,False
new_data\data_20\90433924\90433924-5.png,90433924,images,Red Bull Sukkerfri 250ml boks,Unknown Product,False
new_data\data_20\90433924\90433924-51.png,90433924,images,Red Bull Sukkerfri 250ml boks,Unknown Product,False
new_data\data_20\90433924\90433924-60.png,90433924,images,Red Bull Sukkerfri 250ml boks,Unknown Product,False
new_data\data_20\90433924\90433924-69.png,90433924,images,Red Bull Sukkerfri 250ml boks,Unknown Product,False
new_data\data_20\90433924\90433924-87.png,90433924,images,Red Bull Sukkerfri 250ml boks,Unknown Product,False
new_data\data_20\90433924\90433924-89.png,90433924,images,Red Bull Sukkerfri 250ml boks,Unknown Product,False
new_data\data_20\90433924\90433924-9.png,90433924,images,Red Bull Sukkerfri 250ml boks,Unknown Product,False
new_data\data_20\94011\94011-1024.png,94011,images,Bananer Økologisk,Unknown Product,False
new_data\data_20\94011\94011-1039.png,94011,images,Bananer Økologisk,Unknown Product,False
new_data\data_20\94011\94011-1095.png,94011,images,Bananer Økologisk,Unknown Product,False
new_data\data_20\94011\94011-1114.png,94011,images,Bananer Økologisk,Unknown Product,False
new_data\data_20\94011\94011-1115.png,94011,images,Bananer Økologisk,Unknown Product,False
new_data\data_20\94011\94011-1129.png,94011,images,Bananer Økologisk,Unknown Product,False
new_data\data_20\94011\94011-1135.png,94011,images,Bananer Økologisk,Unknown Product,False
new_data\data_20\94011\94011-1137.png,94011,images,Bananer Økologisk,Unknown Product,False
new_data\data_20\94011\94011-1181.png,94011,images,Bananer Økologisk,Unknown Product,False
new_data\data_20\94011\94011-1182.png,94011,images,Bananer Økologisk,Unknown Product,False
new_data\data_20\94011\94011-1183.png,94011,images,Bananer Økologisk,Unknown Product,False
new_data\data_20\94011\94011-1233.png,94011,images,Bananer Økologisk,Unknown Product,False
new_data\data_20\94011\94011-1235.png,94011,images,Bananer Økologisk,Unknown Product,False
new_data\data_20\94011\94011-1237.png,94011,images,Bananer Økologisk,Unknown Product,False
new_data\data_20\94011\94011-1238.png,94011,images,Bananer Økologisk,Unknown Product,False
new_data\data_20\94011\94011-1288.png,94011,images,Bananer Økologisk,Unknown Product,False
new_data\data_20\94011\94011-1289.png,94011,images,Bananer Økologisk,Unknown Product,False
new_data\data_20\94011\94011-1292.png,94011,images,Bananer Økologisk,Unknown Product,False
new_data\data_20\94011\94011-1332.png,94011,images,Bananer Økologisk,Unknown Product,False
new_data\data_20\94011\94011-1362.png,94011,images,Bananer Økologisk,Unknown Product,False
new_data\data_20\94011\94011-143.png,94011,images,Bananer Økologisk,Unknown Product,False
new_data\data_20\94011\94011-144.png,94011,images,Bananer Økologisk,Unknown Product,False
new_data\data_20\94011\94011-147.png,94011,images,Bananer Økologisk,Unknown Product,False
new_data\data_20\94011\94011-150.png,94011,images,Bananer Økologisk,Unknown Product,False
new_data\data_20\94011\94011-154.png,94011,images,Bananer Økologisk,Unknown Product,False
new_data\data_20\94011\94011-159.png,94011,images,Bananer Økologisk,Unknown Product,False
new_data\data_20\94011\94011-298.png,94011,images,Bananer Økologisk,Unknown Product,False
new_data\data_20\94011\94011-415.png,94011,images,Bananer Økologisk,Unknown Product,False
new_data\data_20\94011\94011-465.png,94011,images,Bananer Økologisk,Unknown Product,False
new_data\data_20\94011\94011-480.png,94011,images,Bananer Økologisk,Unknown Product,False
new_data\data_20\94011\94011-533.png,94011,images,Bananer Økologisk,Unknown Product,False
new_data\data_20\94011\94011-56.png,94011,images,Bananer Økologisk,Unknown Product,False
new_data\data_20\94011\94011-57.png,94011,images,Bananer Økologisk,Unknown Product,False
new_data\data_20\94011\94011-586.png,94011,images,Bananer Økologisk,Unknown Product,False
new_data\data_20\94011\94011-717.png,94011,images,Bananer Økologisk,Unknown Product,False
new_data\data_20\94011\94011-753.png,94011,images,Bananer Økologisk,Unknown Product,False
new_data\data_20\94011\94011-754.png,94011,images,Bananer Økologisk,Unknown Product,False
new_data\data_20\94011\94011-801.png,94011,images,Bananer Økologisk,Unknown Product,False
new_data\data_20\94011\94011-863.png,94011,images,Bananer Økologisk,Unknown Product,False
new_data\data_20\94011\94011-895.png,94011,images,Bananer Økologisk,Unknown Product,False
new_data\data_20\94011\94011-898.png,94011,images,Bananer Økologisk,Unknown Product,False
new_data\data_20\94011\94011-903.png,94011,images,Bananer Økologisk,Unknown Product,False
new_data\data_20\94011\94011-905.png,94011,images,Bananer Økologisk,Unknown Product,False
new_data\data_20\94011\94011-916.png,94011,images,Bananer Økologisk,Unknown Product,False
new_data\data_20\94011\94011-971.png,94011,images,Bananer Økologisk,Unknown Product,False
